Round,Total Reward,Score,Steps
0,1.3473739254306958,0,48
1,5.2467393211751805,0,136
2,1.0994224106646706,0,35
