Round,Total Reward,Score,Steps
0,2.7089285714285714,0,17
1,0.48223828759819476,0,16
2,2.82500555000555,0,27
